;day dif;hour dif;15 min dif;1 min dif
2;140.7266525867882;152.50723241748906;181.19500834441376;196.69412427880613
3;59.77058935880733;102.88792127423034;107.37504546980435;119.64789405789188
